{
  "smape": 11.678051725393834,
  "mae": 6.4031616024628875,
  "rmse": 8.31534664536445,
  "pinball_q05": 0.9222953511070687,
  "pinball_q95": 0.8886738598812096,
  "interval_coverage_pct": 90.71231884057971
}